001460244363600000010	000460244363610000030
001460244363600000010	000460244363600000068
001460244363600000010	000460244363600000059
001460244363600000010	000460244363610000021
001460244363600000010	000460244363600000031
001460244363600000010	000460244363600000013
001460244363600000010	000460244363600000022
001460244363600000010	000460244363610000012
001460244363600000010	000460244363600000040
001460244363600000010	000460244363610000067
001460244363600000010	000460244363610000076
001460244363600000010	000460244363610000085
001460244363600000010	000460244363600000101
001460244363600000010	000460244363600000095
001460244363600000010	000460244363610000058
001460244363600000010	000460244363600000086
001460244363600000010	000460244363610000049
001460244363600000010	000460244363600000077
001460244363600000010	000460244363610000094
001460244363600000010	000460244363610000100
001460244363600000010	000460244363610000119
001460244363600000010	000460244363600000147
001460244363600000010	000460244363600000156
001460244363600000010	000460244363610000128
001460244363600000010	000460244363600000138
001460244363600000010	000460244363600000129
001460244363600000010	000460244363600000110
001460244363600000010	000460244363600000192
001460244363600000010	000460244363600000208
001460244363600000010	000460244363600000217
001460244363600000010	000460244363600000183
001460244363600000010	000460244363610000155
001460244363600000010	000460244363610000146
001460244363600000010	000460244363610000137
001460244363600000010	000460244363600000165
001460244363600000010	000460244363600000174
001460244363600000010	000460244363610000216
001460244363600000010	000460244363610000207
001460244363600000010	000460244363600000226
001460244363600000010	000460244363610000182
001460244363600000010	000460244363610000173
001460244363600000010	000460244363610000164
001460244363600000010	000460244363610000191
001460244363600000010	000460244363600000235
001460244363600000010	000460244363600000244
001460244363600000010	000460244363610000252
001460244363600000010	000460244363610000243
001460244363600000010	000460244363610000234
001460244363600000010	000460244363600000253
001460244363600000010	000460244363610000225
001460244363600000010	000460244363600000262
001460244363600000010	000460244363600000271
001460244363600000010	000460244363610000270
001460244363600000010	000460244363610000261
001460244363600000029	000460244363610000614
001460244363600000029	000460244363610000605
001460244363600000029	000460244363600000518
001460244363600000029	000460244363610000599
001460244363600000029	000460244363600000527
001460244363600000029	000460244363600000536
001460244363600000029	000460244363610000623
001460244363600000029	000460244363600000545
001460244363600000029	000460244363610000632
001460244363600000029	000460244363610000696
001460244363600000029	000460244363610000669
001460244363600000029	000460244363610000650
001460244363600000029	000460244363600000572
001460244363600000029	000460244363600000563
001460244363600000029	000460244363600000554
001460244363600000029	000460244363610000641
001460244363600000029	000460244363610000678
001460244363600000029	000460244363610000687
001460244363600000029	000460244363610000720
001460244363600000029	000460244363610000711
001460244363600000029	000460244363600000581
001460244363600000029	000460244363600000590
001460244363600000029	000460244363610000702
001460244363600000029	000460244363600000606
001460244363600000029	000460244363600000615
001460244363600000029	000460244363600000624
001460244363600000029	000460244363610000739
001460244363600000029	000460244363600000679
001460244363600000029	000460244363610000748
001460244363600000029	000460244363610000775
001460244363600000029	000460244363600000642
001460244363600000029	000460244363600000651
001460244363600000029	000460244363600000633
001460244363600000029	000460244363610000757
001460244363600000029	000460244363610000766
001460244363600000029	000460244363600000660
001460244363600000029	000460244363610000818
001460244363600000029	000460244363610000809
001460244363600000029	000460244363610000793
001460244363600000029	000460244363610000784
001460244363600000029	000460244363600000697
001460244363600000029	000460244363600000688
001460244363600000029	000460244363610000836
001460244363600000029	000460244363610000827
001460244363600000029	000460244363610000845
001460244363600000029	000460244363600000730
001460244363600000029	000460244363610000872
001460244363600000029	000460244363610000863
001460244363600000029	000460244363600000721
001460244363600000029	000460244363600000703
001460244363600000029	000460244363600000712
001460244363600000029	000460244363610000854
001460244363600000029	000460244363610000881
001460244363600000029	000460244363610000890
001460244363600000038	000460244363610000915
001460244363600000038	000460244363600000794
001460244363600000038	000460244363600000767
001460244363600000038	000460244363610000924
001460244363600000038	000460244363600000776
001460244363600000038	000460244363600000785
001460244363600000038	000460244363610000906
001460244363600000038	000460244363600000758
001460244363600000038	000460244363600000749
001460244363600000038	000460244363610001002
001460244363600000038	000460244363600000837
001460244363600000038	000460244363600000846
001460244363600000038	000460244363610000997
001460244363600000038	000460244363600000873
001460244363600000038	000460244363610001020
001460244363600000038	000460244363610001039
001460244363600000038	000460244363600000864
001460244363600000038	000460244363610001011
001460244363600000038	000460244363610001084
001460244363600000038	000460244363610001066
001460244363600000038	000460244363600000882
001460244363600000038	000460244363600000855
001460244363600000038	000460244363610001048
001460244363600000038	000460244363610001057
001460244363600000038	000460244363610001093
001460244363600000038	000460244363600000934
001460244363600000038	000460244363600000925
001460244363600000038	000460244363600000952
001460244363600000038	000460244363610001127
001460244363600000038	000460244363610001109
001460244363600000038	000460244363600000916
001460244363600000038	000460244363610001075
001460244363600000038	000460244363600000907
001460244363600000038	000460244363610001118
001460244363600000038	000460244363610001136
001460244363600000038	000460244363600000961
001460244363600000038	000460244363600000891
001460244363600000038	000460244363610001154
001460244363600000038	000460244363610001163
001460244363600000038	000460244363600000989
001460244363600000038	000460244363600000998
001460244363600000038	000460244363610001172
001460244363600000038	000460244363600000970
001460244363600000038	000460244363610001145
001460244363600000038	000460244363600000943
001460244363600000038	000460244363610000979
001460244363600000038	000460244363600000800
001460244363600000038	000460244363610000988
001460244363600000038	000460244363610000960
001460244363600000038	000460244363610000933
001460244363600000038	000460244363610000942
001460244363600000038	000460244363610000951
001460244363600000038	000460244363600000819
001460244363600000038	000460244363600000828
001460244363600000047	000460244363600000484
001460244363600000047	000460244363610000553
001460244363600000047	000460244363600000493
001460244363600000047	000460244363610000580
001460244363600000047	000460244363600000509
001460244363600000047	000460244363610000571
001460244363600000047	000460244363610000562
001460244363600000047	000460244363610000544
001460244363600000047	000460244363610000535
001460244363600000047	000460244363610000517
001460244363600000047	000460244363610000526
001460244363600000047	000460244363610000508
001460244363600000047	000460244363610000483
001460244363600000047	000460244363600000457
001460244363600000047	000460244363600000448
001460244363600000047	000460244363610000492
001460244363600000047	000460244363600000475
001460244363600000047	000460244363600000466
001460244363600000047	000460244363600000402
001460244363600000047	000460244363600000411
001460244363600000047	000460244363600000420
001460244363600000047	000460244363610000456
001460244363600000047	000460244363610000465
001460244363600000047	000460244363610000474
001460244363600000047	000460244363610000410
001460244363600000047	000460244363610000401
001460244363600000047	000460244363610000386
001460244363600000047	000460244363600000439
001460244363600000047	000460244363610000447
001460244363600000047	000460244363610000438
001460244363600000047	000460244363610000429
001460244363600000047	000460244363600000396
001460244363600000047	000460244363600000387
001460244363600000047	000460244363600000378
001460244363600000047	000460244363600000369
001460244363600000047	000460244363610000377
001460244363600000047	000460244363610000395
001460244363600000047	000460244363600000341
001460244363600000047	000460244363610000359
001460244363600000047	000460244363610000331
001460244363600000047	000460244363610000322
001460244363600000047	000460244363600000350
001460244363600000047	000460244363610000368
001460244363600000047	000460244363600000332
001460244363600000047	000460244363610000340
001460244363600000047	000460244363610000289
001460244363600000047	000460244363610000304
001460244363600000047	000460244363610000313
001460244363600000047	000460244363600000323
001460244363600000047	000460244363600000314
001460244363600000047	000460244363600000305
001460244363600000047	000460244363600000299
001460244363600000047	000460244363600000280
001460244363600000047	000460244363610000298
001460244363600000056	000460244363600001003
001460244363600000056	000460244363600001012
001460244363600000056	000460244363600001021
001460244363600000056	000460244363600001030
001460244363600000056	000460244363600001049
001460244363600000056	000460244363600001058
001460244363600000056	000460244363600001067
001460244363600000056	000460244363600001076
001460244363600000056	000460244363600001085
001460244363600000056	000460244363600001094
001460244363600000056	000460244363600001100
001460244363600000056	000460244363600001119
001460244363600000056	000460244363610001181
001460244363600000056	000460244363600001128
001460244363600000056	000460244363610001190
001460244363600000056	000460244363610001215
001460244363600000056	000460244363600001137
001460244363600000056	000460244363600001146
001460244363600000056	000460244363610001206
001460244363600000056	000460244363600001155
001460244363600000056	000460244363610001224
001460244363600000056	000460244363600001164
001460244363600000056	000460244363610001233
001460244363600000056	000460244363600001173
001460244363600000056	000460244363610001242
001460244363600000056	000460244363600001182
001460244363600000056	000460244363600001191
001460244363600000056	000460244363600001207
001460244363600000056	000460244363600001216
001460244363600000056	000460244363600001225
001460244363600000056	000460244363600001234
001460244363600000056	000460244363600001243
001460244363600000056	000460244363610001303
001460244363600000056	000460244363610001288
001460244363600000056	000460244363610001297
001460244363600000056	000460244363600001252
001460244363600000056	000460244363600001261
001460244363600000056	000460244363610001279
001460244363600000056	000460244363600001270
001460244363600000056	000460244363610001251
001460244363600000056	000460244363610001260
001460244363600000056	000460244363610001312
001460244363600000056	000460244363600001289
001460244363600000056	000460244363610001321
001460244363600000056	000460244363610001330
001460244363600000056	000460244363600001298
001460244363600000056	000460244363610001349
001460244363600000056	000460244363600001304
001460244363600000056	000460244363600001313
001460244363600000056	000460244363610001358
001460244363600000056	000460244363600001322
001460244363600000056	000460244363600001331
001460244363600000056	000460244363600001340
001460244363600000056	000460244363600001359
001460244363600000065	000460244363600001368
001460244363600000065	000460244363600001377
001460244363600000065	000460244363610001367
001460244363600000065	000460244363610001376
001460244363600000065	000460244363610001385
001460244363600000065	000460244363600001386
001460244363600000065	000460244363600001395
001460244363600000065	000460244363600001401
001460244363600000065	000460244363600001410
001460244363600000065	000460244363610001394
001460244363600000065	000460244363600001429
001460244363600000065	000460244363600001447
001460244363600000065	000460244363600001438
001460244363600000065	000460244363600001465
001460244363600000065	000460244363600001456
001460244363600000065	000460244363600001483
001460244363600000065	000460244363600001492
001460244363600000065	000460244363600001474
001460244363600000065	000460244363600001508
001460244363600000065	000460244363610001400
001460244363600000065	000460244363600001526
001460244363600000065	000460244363610001419
001460244363600000065	000460244363600001535
001460244363600000065	000460244363610001428
001460244363600000065	000460244363610001437
001460244363600000065	000460244363600001544
001460244363600000065	000460244363600001553
001460244363600000065	000460244363610001446
001460244363600000065	000460244363600001562
001460244363600000065	000460244363610001455
001460244363600000065	000460244363600001571
001460244363600000065	000460244363610001464
001460244363600000065	000460244363600001580
001460244363600000065	000460244363600001599
001460244363600000065	000460244363600001605
001460244363600000065	000460244363610001473
001460244363600000065	000460244363600001614
001460244363600000065	000460244363600001623
001460244363600000065	000460244363610001482
001460244363600000065	000460244363600001632
001460244363600000065	000460244363610001491
001460244363600000065	000460244363600001641
001460244363600000065	000460244363610001507
001460244363600000065	000460244363600001650
001460244363600000065	000460244363610001516
001460244363600000065	000460244363600001669
001460244363600000065	000460244363600001696
001460244363600000065	000460244363600001517
001460244363600000065	000460244363600001687
001460244363600000065	000460244363610001525
001460244363600000065	000460244363600001702
001460244363600000065	000460244363600001678
001460244363600000065	000460244363600001711
001460244363600000065	000460244363610001534
001460244363600000074	000460244363600001720
001460244363600000074	000460244363600001739
001460244363600000074	000460244363600001748
001460244363600000074	000460244363600001757
001460244363600000074	000460244363610001543
001460244363600000074	000460244363610001552
001460244363600000074	000460244363610001561
001460244363600000074	000460244363610001570
001460244363600000074	000460244363610001589
001460244363600000074	000460244363610001598
001460244363600000074	000460244363610001622
001460244363600000074	000460244363600001784
001460244363600000074	000460244363600001775
001460244363600000074	000460244363600001766
001460244363600000074	000460244363610001604
001460244363600000074	000460244363610001613
001460244363600000074	000460244363610001631
001460244363600000074	000460244363610001640
001460244363600000074	000460244363610001659
001460244363600000074	000460244363600001793
001460244363600000074	000460244363600001827
001460244363600000074	000460244363600001809
001460244363600000074	000460244363600001818
001460244363600000074	000460244363600001836
001460244363600000074	000460244363610001668
001460244363600000074	000460244363610001677
001460244363600000074	000460244363610001686
001460244363600000074	000460244363600001845
001460244363600000074	000460244363600001854
001460244363600000074	000460244363600001863
001460244363600000074	000460244363600001906
001460244363600000074	000460244363600001890
001460244363600000074	000460244363600001881
001460244363600000074	000460244363600001872
001460244363600000074	000460244363610001695
001460244363600000074	000460244363610001701
001460244363600000074	000460244363610001710
001460244363600000074	000460244363610001738
001460244363600000074	000460244363610001729
001460244363600000074	000460244363600001915
001460244363600000074	000460244363600001924
001460244363600000074	000460244363600001933
001460244363600000074	000460244363600001942
001460244363600000074	000460244363610001747
001460244363600000074	000460244363610001756
001460244363600000074	000460244363610001765
001460244363600000074	000460244363610001774
001460244363600000074	000460244363610001783
001460244363600000074	000460244363610001792
001460244363600000074	000460244363610001808
001460244363600000074	000460244363600001951
001460244363600000074	000460244363600001960
001460244363600000074	000460244363600001979
001460244363600000074	000460244363600001988
001460244363600000083	000460244363600002279
001460244363600000083	000460244363610002038
001460244363600000083	000460244363600002260
001460244363600000083	000460244363600002242
001460244363600000083	000460244363610002029
001460244363600000083	000460244363600002251
001460244363600000083	000460244363610002010
001460244363600000083	000460244363610002047
001460244363600000083	000460244363600002288
001460244363600000083	000460244363610001978
001460244363600000083	000460244363610001996
001460244363600000083	000460244363610002001
001460244363600000083	000460244363600002233
001460244363600000083	000460244363610001987
001460244363600000083	000460244363600002224
001460244363600000083	000460244363610001969
001460244363600000083	000460244363600002206
001460244363600000083	000460244363600002215
001460244363600000083	000460244363610001923
001460244363600000083	000460244363600002172
001460244363600000083	000460244363610001941
001460244363600000083	000460244363600002190
001460244363600000083	000460244363600002181
001460244363600000083	000460244363610001950
001460244363600000083	000460244363610001932
001460244363600000083	000460244363600002163
001460244363600000083	000460244363600002154
001460244363600000083	000460244363610001880
001460244363600000083	000460244363600002109
001460244363600000083	000460244363600002118
001460244363600000083	000460244363610001905
001460244363600000083	000460244363600002145
001460244363600000083	000460244363610001914
001460244363600000083	000460244363600002136
001460244363600000083	000460244363600002127
001460244363600000083	000460244363610001899
001460244363600000083	000460244363600002075
001460244363600000083	000460244363600002057
001460244363600000083	000460244363610001853
001460244363600000083	000460244363610001844
001460244363600000083	000460244363600002066
001460244363600000083	000460244363610001871
001460244363600000083	000460244363600002093
001460244363600000083	000460244363600002084
001460244363600000083	000460244363610001862
001460244363600000083	000460244363600001997
001460244363600000083	000460244363600002002
001460244363600000083	000460244363600002011
001460244363600000083	000460244363610001835
001460244363600000083	000460244363600002039
001460244363600000083	000460244363600002048
001460244363600000083	000460244363600002020
001460244363600000083	000460244363610001826
001460244363600000083	000460244363610001817
001460244363600000092	000460244363600002297
001460244363600000092	000460244363610002056
001460244363600000092	000460244363610002074
001460244363600000092	000460244363600002321
001460244363600000092	000460244363600002330
001460244363600000092	000460244363610002083
001460244363600000092	000460244363600002312
001460244363600000092	000460244363600002303
001460244363600000092	000460244363610002065
001460244363600000092	000460244363610002117
001460244363600000092	000460244363600002358
001460244363600000092	000460244363600002349
001460244363600000092	000460244363610002092
001460244363600000092	000460244363610002108
001460244363600000092	000460244363600002367
001460244363600000092	000460244363610002126
001460244363600000092	000460244363600002385
001460244363600000092	000460244363600002376
001460244363600000092	000460244363600002428
001460244363600000092	000460244363610002162
001460244363600000092	000460244363610002153
001460244363600000092	000460244363610002135
001460244363600000092	000460244363610002144
001460244363600000092	000460244363600002394
001460244363600000092	000460244363600002400
001460244363600000092	000460244363600002419
001460244363600000092	000460244363600002437
001460244363600000092	000460244363610002199
001460244363600000092	000460244363610002180
001460244363600000092	000460244363610002171
001460244363600000092	000460244363610002205
001460244363600000092	000460244363610002223
001460244363600000092	000460244363610002250
001460244363600000092	000460244363610002241
001460244363600000092	000460244363610002232
001460244363600000092	000460244363610002214
001460244363600000092	000460244363610002296
001460244363600000092	000460244363610002287
001460244363600000092	000460244363610002278
001460244363600000092	000460244363610002269
001460244363600000092	000460244363600002455
001460244363600000092	000460244363600002446
001460244363600000092	000460244363600002464
001460244363600000092	000460244363600002473
001460244363600000092	000460244363600002482
001460244363600000092	000460244363610002320
001460244363600000092	000460244363610002339
001460244363600000092	000460244363600002534
001460244363600000092	000460244363600002525
001460244363600000092	000460244363610002311
001460244363600000092	000460244363600002491
001460244363600000092	000460244363610002302
001460244363600000092	000460244363600002507
001460244363600000092	000460244363600002516
001460244363600000108	000460244363610002357
001460244363600000108	000460244363610002366
001460244363600000108	000460244363600002598
001460244363600000108	000460244363610002375
001460244363600000108	000460244363600002552
001460244363600000108	000460244363600002570
001460244363600000108	000460244363600002561
001460244363600000108	000460244363600002543
001460244363600000108	000460244363610002348
001460244363600000108	000460244363600002613
001460244363600000108	000460244363610002393
001460244363600000108	000460244363600002589
001460244363600000108	000460244363610002384
001460244363600000108	000460244363600002604
001460244363600000108	000460244363600002622
001460244363600000108	000460244363600002631
001460244363600000108	000460244363610002418
001460244363600000108	000460244363610002409
001460244363600000108	000460244363600002640
001460244363600000108	000460244363600002659
001460244363600000108	000460244363600002668
001460244363600000108	000460244363600002686
001460244363600000108	000460244363600002677
001460244363600000108	000460244363610002454
001460244363600000108	000460244363610002445
001460244363600000108	000460244363610002436
001460244363600000108	000460244363610002427
001460244363600000108	000460244363610002533
001460244363600000108	000460244363610002515
001460244363600000108	000460244363610002506
001460244363600000108	000460244363610002472
001460244363600000108	000460244363610002463
001460244363600000108	000460244363610002490
001460244363600000108	000460244363610002481
001460244363600000108	000460244363610002524
001460244363600000108	000460244363600002701
001460244363600000108	000460244363600002738
001460244363600000108	000460244363610002560
001460244363600000108	000460244363600002747
001460244363600000108	000460244363610002579
001460244363600000108	000460244363600002756
001460244363600000108	000460244363600002729
001460244363600000108	000460244363610002542
001460244363600000108	000460244363610002551
001460244363600000108	000460244363600002710
001460244363600000108	000460244363610002612
001460244363600000108	000460244363610002603
001460244363600000108	000460244363600002774
001460244363600000108	000460244363600002695
001460244363600000108	000460244363610002588
001460244363600000108	000460244363600002765
001460244363600000108	000460244363610002597
001460244363600000108	000460244363600002783
001460244363600000108	000460244363610002621
001460244363600000117	000460244363610002658
001460244363600000117	000460244363610002667
001460244363600000117	000460244363610002685
001460244363600000117	000460244363600002817
001460244363600000117	000460244363610002649
001460244363600000117	000460244363610002630
001460244363600000117	000460244363600002792
001460244363600000117	000460244363600002808
001460244363600000117	000460244363600002826
001460244363600000117	000460244363600002862
001460244363600000117	000460244363600002853
001460244363600000117	000460244363600002844
001460244363600000117	000460244363610002676
001460244363600000117	000460244363600002835
001460244363600000117	000460244363610002700
001460244363600000117	000460244363600002880
001460244363600000117	000460244363610002694
001460244363600000117	000460244363600002871
001460244363600000117	000460244363600002899
001460244363600000117	000460244363600002905
001460244363600000117	000460244363610002737
001460244363600000117	000460244363610002755
001460244363600000117	000460244363610002764
001460244363600000117	000460244363600002923
001460244363600000117	000460244363610002746
001460244363600000117	000460244363610002728
001460244363600000117	000460244363610002719
001460244363600000117	000460244363610002773
001460244363600000117	000460244363600002932
001460244363600000117	000460244363600002914
001460244363600000117	000460244363600002941
001460244363600000117	000460244363610002791
001460244363600000117	000460244363600002969
001460244363600000117	000460244363610002807
001460244363600000117	000460244363600002950
001460244363600000117	000460244363610002782
001460244363600000117	000460244363600002978
001460244363600000117	000460244363600002987
001460244363600000117	000460244363600002996
001460244363600000117	000460244363610002852
001460244363600000117	000460244363600003001
001460244363600000117	000460244363610002834
001460244363600000117	000460244363610002843
001460244363600000117	000460244363610002816
001460244363600000117	000460244363610002825
001460244363600000117	000460244363600003047
001460244363600000117	000460244363600003056
001460244363600000117	000460244363610002870
001460244363600000117	000460244363610002889
001460244363600000117	000460244363600003065
001460244363600000117	000460244363610002861
001460244363600000117	000460244363600003029
001460244363600000117	000460244363600003010
001460244363600000117	000460244363600003038
001460244363600000126	000460244363600003108
001460244363600000126	000460244363610002922
001460244363600000126	000460244363610002904
001460244363600000126	000460244363610002898
001460244363600000126	000460244363600003074
001460244363600000126	000460244363610002913
001460244363600000126	000460244363600003092
001460244363600000126	000460244363610002931
001460244363600000126	000460244363610002940
001460244363600000126	000460244363600003117
001460244363600000126	000460244363600003083
001460244363600000126	000460244363600003135
001460244363600000126	000460244363600003153
001460244363600000126	000460244363610002977
001460244363600000126	000460244363610002986
001460244363600000126	000460244363600003126
001460244363600000126	000460244363610002968
001460244363600000126	000460244363610002959
001460244363600000126	000460244363600003171
001460244363600000126	000460244363610002995
001460244363600000126	000460244363600003144
001460244363600000126	000460244363600003162
001460244363600000126	000460244363610003000
001460244363600000126	000460244363610003019
001460244363600000126	000460244363610003028
001460244363600000126	000460244363610003046
001460244363600000126	000460244363610003037
001460244363600000126	000460244363600003214
001460244363600000126	000460244363610003082
001460244363600000126	000460244363600003199
001460244363600000126	000460244363610003055
001460244363600000126	000460244363610003064
001460244363600000126	000460244363600003180
001460244363600000126	000460244363610003073
001460244363600000126	000460244363610003091
001460244363600000126	000460244363600003205
001460244363600000126	000460244363610003125
001460244363600000126	000460244363600003223
001460244363600000126	000460244363610003116
001460244363600000126	000460244363610003107
001460244363600000126	000460244363600003232
001460244363600000126	000460244363610003134
001460244363600000126	000460244363600003241
001460244363600000126	000460244363600003250
001460244363600000126	000460244363600003269
001460244363600000126	000460244363610003170
001460244363600000126	000460244363610003161
001460244363600000126	000460244363600003278
001460244363600000126	000460244363610003143
001460244363600000126	000460244363610003152
001460244363600000126	000460244363600003287
001460244363600000126	000460244363600003296
001460244363600000126	000460244363600003302
001460244363600000126	000460244363610003189
001460244363600000135	000460244363600003427
001460244363600000135	000460244363610003231
001460244363600000135	000460244363610003222
001460244363600000135	000460244363610003240
001460244363600000135	000460244363600003339
001460244363600000135	000460244363600003320
001460244363600000135	000460244363610003198
001460244363600000135	000460244363600003311
001460244363600000135	000460244363610003204
001460244363600000135	000460244363610003213
001460244363600000135	000460244363610003286
001460244363600000135	000460244363610003259
001460244363600000135	000460244363600003375
001460244363600000135	000460244363600003357
001460244363600000135	000460244363610003268
001460244363600000135	000460244363600003348
001460244363600000135	000460244363610003277
001460244363600000135	000460244363600003366
001460244363600000135	000460244363610003295
001460244363600000135	000460244363610003338
001460244363600000135	000460244363610003347
001460244363600000135	000460244363610003356
001460244363600000135	000460244363600003409
001460244363600000135	000460244363600003393
001460244363600000135	000460244363610003329
001460244363600000135	000460244363610003301
001460244363600000135	000460244363610003310
001460244363600000135	000460244363600003384
001460244363600000135	000460244363610003383
001460244363600000135	000460244363610003374
001460244363600000135	000460244363610003365
001460244363600000135	000460244363600003418
001460244363600000135	000460244363600003445
001460244363600000135	000460244363600003454
001460244363600000135	000460244363600003436